First_Step_Narratives\FarRight_2-2016,Immigration,CenterLeft,Washington Post,10
First_Step_Narratives\FarRight_2-2016,Immigration,CenterLeft,Sydney Morning Herald,9
First_Step_Narratives\FarRight_2-2016,Immigration,CenterLeft,Guardian US,4
First_Step_Narratives\FarRight_2-2016,Immigration,CenterLeft,Haaretz,10
First_Step_Narratives\FarRight_2-2016,Immigration,CenterLeft,Politico,2
First_Step_Narratives\FarRight_2-2016,Immigration,CenterLeft,nwaonline.com,2
First_Step_Narratives\FarRight_2-2016,Immigration,CenterLeft,Fortune,5
First_Step_Narratives\FarRight_2-2016,Immigration,CenterLeft,jamaicagleaner,4
First_Step_Narratives\FarRight_2-2016,Immigration,CenterLeft,CBC,5
First_Step_Narratives\FarRight_2-2016,Immigration,CenterLeft,NBC Breaking News,5
First_Step_Narratives\FarRight_2-2016,Immigration,CenterLeft,Al Jazeera,6
First_Step_Narratives\FarRight_2-2016,Immigration,CenterLeft,Los Angeles Daily News,5
First_Step_Narratives\FarRight_2-2016,Immigration,CenterLeft,reliefweb-headlines,6
First_Step_Narratives\FarRight_2-2016,Immigration,CenterLeft,PBS NewsHour,2
First_Step_Narratives\FarRight_2-2016,Immigration,CenterLeft,Independent,3
First_Step_Narratives\FarRight_2-2016,Immigration,CenterLeft,BBC,4
First_Step_Narratives\FarRight_2-2016,Immigration,CenterLeft,SF Chronicle,2
First_Step_Narratives\FarRight_2-2016,Immigration,CenterLeft,VOA,2
First_Step_Narratives\FarRight_2-2016,Immigration,CenterLeft,al.com,2
First_Step_Narratives\FarRight_2-2016,Immigration,FarRight,Breitbart,104
First_Step_Narratives\FarRight_2-2016,Immigration,FarRight,truepundit.com,20
First_Step_Narratives\FarRight_2-2016,Immigration,FarRight,dcclothesline.com,7
First_Step_Narratives\FarRight_2-2016,Immigration,FarRight,americanthinker.com,4
First_Step_Narratives\FarRight_2-2016,Immigration,FarRight,thetruthseeker.co.uk,9
First_Step_Narratives\FarRight_2-2016,Immigration,FarRight,thegoldwater.com,2
First_Step_Narratives\FarRight_2-2016,Immigration,FarRight,HeatStreet,3
First_Step_Narratives\FarRight_2-2016,Immigration,FarRight,intrepidreport.com,3
First_Step_Narratives\FarRight_2-2016,Immigration,FarRight,American Greatness,3
First_Step_Narratives\FarRight_2-2016,Immigration,FarRight,Washington Times,15
First_Step_Narratives\FarRight_2-2016,Immigration,FarRight,Daily Caller,9
First_Step_Narratives\FarRight_2-2016,Immigration,FarRight,conservativedailypost.com,6
First_Step_Narratives\FarRight_2-2016,Immigration,FarRight,thefederalistpapers.org,9
First_Step_Narratives\FarRight_2-2016,Immigration,FarRight,investmentwatchblog.com,7
First_Step_Narratives\FarRight_2-2016,Immigration,FarRight,National Review,4
First_Step_Narratives\FarRight_2-2016,Immigration,FarRight,govtslaves.info,2
First_Step_Narratives\FarRight_2-2016,Immigration,FarRight,iotwreport.com,3
First_Step_Narratives\FarRight_2-2016,Immigration,FarRight,clashdaily.com,11
First_Step_Narratives\FarRight_2-2016,Immigration,FarRight,therepublicannews.net,2
First_Step_Narratives\FarRight_2-2016,Immigration,FarRight,sonsoflibertymedia.com,3
First_Step_Narratives\FarRight_2-2016,Immigration,FarRight,VDARE,28
First_Step_Narratives\FarRight_2-2016,Immigration,FarRight,dailynewshungary.com,11
First_Step_Narratives\FarRight_2-2016,Immigration,FarRight,usdefensewatch.com,4
First_Step_Narratives\FarRight_2-2016,Immigration,FarRight,bb4sp.com,4
First_Step_Narratives\FarRight_2-2016,Immigration,FarRight,Natural News,17
First_Step_Narratives\FarRight_2-2016,Immigration,FarRight,aim.org,4
First_Step_Narratives\FarRight_2-2016,Immigration,FarRight,menrec.com,5
First_Step_Narratives\FarRight_2-2016,Immigration,FarRight,Newsmax,32
First_Step_Narratives\FarRight_2-2016,Immigration,FarRight,therealside.com,2
First_Step_Narratives\FarRight_2-2016,Immigration,FarRight,patriot post,5
First_Step_Narratives\FarRight_2-2016,Immigration,FarRight,American Free Press,7
First_Step_Narratives\FarRight_2-2016,Immigration,FarRight,GatewayPundit,9
First_Step_Narratives\FarRight_2-2016,Immigration,FarRight,Western Journalism Center,19
First_Step_Narratives\FarRight_2-2016,Immigration,FarRight,Fox News,5
First_Step_Narratives\FarRight_2-2016,Immigration,FarRight,Daily Wire,3
First_Step_Narratives\FarRight_2-2016,Immigration,FarRight,CIS,23
First_Step_Narratives\FarRight_2-2016,Immigration,FarRight,WND,21
First_Step_Narratives\FarRight_2-2016,Immigration,FarRight,sgtreport.com,27
First_Step_Narratives\FarRight_2-2016,Immigration,FarRight,pamelageller.com,3
First_Step_Narratives\FarRight_2-2016,Immigration,FarRight,numbersusa.com,3
First_Step_Narratives\FarRight_2-2016,Immigration,FarRight,townhall.com,3
First_Step_Narratives\FarRight_2-2016,Immigration,FarRight,discoverthenetworks.org,5
First_Step_Narratives\FarRight_2-2016,Immigration,FarRight,churchmilitant.com,2
First_Step_Narratives\FarRight_2-2016,Immigration,FarRight,NewsBusters,3
First_Step_Narratives\FarRight_2-2016,Immigration,FarRight,cbn.com,4
First_Step_Narratives\FarRight_2-2016,Immigration,FarRight,New American,4
First_Step_Narratives\FarRight_2-2016,Immigration,FarRight,fairus.org,2
First_Step_Narratives\FarRight_2-2016,Immigration,FarRight,allenwestrepublic.com,2
First_Step_Narratives\FarRight_2-2016,Immigration,FarRight,Hot Air  ,3
First_Step_Narratives\FarRight_2-2016,Immigration,FarRight,Heritage,8
First_Step_Narratives\FarRight_2-2016,Immigration,FarRight,thefreethoughtproject.com,7
First_Step_Narratives\FarRight_2-2016,Immigration,FarRight,adflegal.org,2
First_Step_Narratives\FarRight_2-2016,Immigration,FarRight,centerforsecuritypolicy.org,4
First_Step_Narratives\FarRight_2-2016,Immigration,FarRight,iowaclimate.org,6
First_Step_Narratives\FarRight_2-2016,Immigration,FarRight,theunitedwest.org,4
First_Step_Narratives\FarRight_2-2016,Immigration,FarRight,thecommonsenseshow.com,7
First_Step_Narratives\FarRight_2-2016,Immigration,FarRight,neonnettle.com,7
First_Step_Narratives\FarRight_2-2016,Immigration,FarRight,conservativetribune.com,3
First_Step_Narratives\FarRight_2-2016,Immigration,FarRight,charismanews.com,4
First_Step_Narratives\FarRight_2-2016,Immigration,FarRight,shoebat.com,3
First_Step_Narratives\FarRight_2-2016,Immigration,FarRight,drudgereport,3
First_Step_Narratives\FarRight_2-2016,Immigration,FarRight,revolutionradio.org,2
First_Step_Narratives\FarRight_2-2016,Immigration,FarRight,thelibertydaily.com,2
First_Step_Narratives\FarRight_2-2016,Immigration,Left,CBC,7
First_Step_Narratives\FarRight_2-2016,Immigration,Left,Sydney Morning Herald,9
First_Step_Narratives\FarRight_2-2016,Immigration,Left,Washington Post,15
First_Step_Narratives\FarRight_2-2016,Immigration,Left,International Business Times,2
First_Step_Narratives\FarRight_2-2016,Immigration,Left,reliefweb-headlines,4
First_Step_Narratives\FarRight_2-2016,Immigration,Left,Fortune,4
First_Step_Narratives\FarRight_2-2016,Immigration,Left,sbs,2
First_Step_Narratives\FarRight_2-2016,Immigration,Left,thestar-my,3
First_Step_Narratives\FarRight_2-2016,Immigration,Left,hongkongfp.com,2
First_Step_Narratives\FarRight_2-2016,Immigration,Left,NBC News,2
First_Step_Narratives\FarRight_2-2016,Immigration,Left,CBS News,2
First_Step_Narratives\FarRight_2-2016,Immigration,Left,"K-Pop music, celebrity news, and K-Drama coverage | Soompi",2
First_Step_Narratives\FarRight_2-2016,Immigration,Left,AllAfrica News: Nigeria,2
First_Step_Narratives\FarRight_2-2016,Immigration,Left,africanews.com,2
First_Step_Narratives\FarRight_2-2016,Immigration,Left,The Week,6
First_Step_Narratives\FarRight_2-2016,Immigration,Left,Guardian US,8
First_Step_Narratives\FarRight_2-2016,Immigration,Left,huffingtonpost.co.uk,3
First_Step_Narratives\FarRight_2-2016,Immigration,Left,Chicago Tribune,4
First_Step_Narratives\FarRight_2-2016,Immigration,Left,Politico,4
First_Step_Narratives\FarRight_2-2016,Immigration,Left,Al Jazeera,3
First_Step_Narratives\FarRight_2-2016,Immigration,Left,businessinsider.in,3
First_Step_Narratives\FarRight_2-2016,Immigration,Left,NBC Breaking News,2
First_Step_Narratives\FarRight_2-2016,Immigration,Left,Independent,2
First_Step_Narratives\FarRight_2-2016,Immigration,Left,VOA,3
First_Step_Narratives\FarRight_2-2016,Immigration,Left,Guardian,2
First_Step_Narratives\FarRight_2-2016,Immigration,Left,PBS NewsHour,2
First_Step_Narratives\FarRight_2-2016,Immigration,Left,nbcbayarea.com,2
First_Step_Narratives\FarRight_2-2016,Immigration,Left,Haaretz,3
First_Step_Narratives\FarRight_2-2016,Immigration,Left,Detroit News,3
First_Step_Narratives\FarRight_2-2016,Immigration,Left,Entertainment Weekly,2
First_Step_Narratives\FarRight_2-2016,Immigration,CenterRight,breaking911.com,10
First_Step_Narratives\FarRight_2-2016,Immigration,CenterRight,National Review,9
First_Step_Narratives\FarRight_2-2016,Immigration,CenterRight,PR Newswire,14
First_Step_Narratives\FarRight_2-2016,Immigration,CenterRight,Reason,9
First_Step_Narratives\FarRight_2-2016,Immigration,CenterRight,gulf-times,2
First_Step_Narratives\FarRight_2-2016,Immigration,CenterRight,Asbury Park Press ,3
First_Step_Narratives\FarRight_2-2016,Immigration,CenterRight,CNET,8
First_Step_Narratives\FarRight_2-2016,Immigration,CenterRight,unz.com,5
First_Step_Narratives\FarRight_2-2016,Immigration,CenterRight,financialpost.com,2
First_Step_Narratives\FarRight_2-2016,Immigration,CenterRight,India | Latest India News | Get Free India.com Email | Live Cricket and Entertainment News at India.Com,3
First_Step_Narratives\FarRight_2-2016,Immigration,CenterRight,losangeles.cbslocal.com,2
First_Step_Narratives\FarRight_2-2016,Immigration,CenterRight,Time of Israel,3
First_Step_Narratives\FarRight_2-2016,Immigration,CenterRight,patriot post,3
First_Step_Narratives\FarRight_2-2016,Immigration,CenterRight,dailypost.ng,4
First_Step_Narratives\FarRight_2-2016,Immigration,CenterRight,Gizmodo,2
First_Step_Narratives\FarRight_2-2016,Immigration,CenterRight,www.foxsports.com,3
First_Step_Narratives\FarRight_2-2016,Immigration,CenterRight,San Jose Mercury News,8
First_Step_Narratives\FarRight_2-2016,Immigration,CenterRight,ruvr-fi,8
First_Step_Narratives\FarRight_2-2016,Immigration,CenterRight,business-standard.com,13
First_Step_Narratives\FarRight_2-2016,Immigration,CenterRight,dailysabah.com,2
First_Step_Narratives\FarRight_2-2016,Immigration,CenterRight,bdnews24,4
First_Step_Narratives\FarRight_2-2016,Immigration,CenterRight,"Kenya news on business, politics, sports, opinions, entertainment and lifestyle",5
First_Step_Narratives\FarRight_2-2016,Immigration,CenterRight,Three Rivers Edition,4
First_Step_Narratives\FarRight_2-2016,Immigration,CenterRight,National Post,4
First_Step_Narratives\FarRight_2-2016,Immigration,CenterRight,christianitytoday.com,3
First_Step_Narratives\FarRight_2-2016,Immigration,CenterRight,Press TV,3
First_Step_Narratives\FarRight_2-2016,Immigration,CenterRight,Nola.com,2
First_Step_Narratives\FarRight_2-2016,Immigration,CenterRight,Daily Mail,3
First_Step_Narratives\FarRight_2-2016,Immigration,CenterRight,Daily Telegraph,2
First_Step_Narratives\FarRight_2-2016,Immigration,CenterRight,RT,2
First_Step_Narratives\FarRight_2-2016,Immigration,Center,Guardian,10
First_Step_Narratives\FarRight_2-2016,Immigration,Center,Sydney Morning Herald,2
First_Step_Narratives\FarRight_2-2016,Immigration,Center,siasat.com,5
First_Step_Narratives\FarRight_2-2016,Immigration,Center,geo-tv,2
First_Step_Narratives\FarRight_2-2016,Immigration,Center,ipolitics.ca,2
First_Step_Narratives\FarRight_2-2016,Immigration,Center,San Jose Mercury News,4
First_Step_Narratives\FarRight_2-2016,Immigration,Center,TechCrunch,3
First_Step_Narratives\FarRight_2-2016,Immigration,Center,NBC Breaking News,6
First_Step_Narratives\FarRight_2-2016,Immigration,Center,Globe and Mail,2
First_Step_Narratives\FarRight_2-2016,Immigration,Center,indianexpress.com,6
First_Step_Narratives\FarRight_2-2016,Immigration,Center,Guardian US,3
First_Step_Narratives\FarRight_2-2016,Immigration,Center,trendnews-az-ru,2
First_Step_Narratives\FarRight_2-2016,Immigration,Center,Quartz,4
First_Step_Narratives\FarRight_2-2016,Immigration,Center,"Daily Herald - Arlington Heights, IL",3
First_Step_Narratives\FarRight_2-2016,Immigration,Center,CBC,2
First_Step_Narratives\FarRight_2-2016,Immigration,Center,RTE,2
First_Step_Narratives\FarRight_2-2016,Immigration,Center,nation.co.ke,2
First_Step_Narratives\FarRight_2-2016,Immigration,Center,Star Tribune ,2
First_Step_Narratives\FarRight_2-2016,Immigration,Center,Arkansas Democrat-Gazette ,4
First_Step_Narratives\FarRight_2-2016,Immigration,Center,Conversation,4
First_Step_Narratives\FarRight_2-2016,Immigration,Center,engadget,2
First_Step_Narratives\FarRight_2-2016,Immigration,Center,Forbes,7
First_Step_Narratives\FarRight_2-2016,Immigration,Center,Fortune ,2
First_Step_Narratives\FarRight_2-2016,Immigration,Center,PR Newswire,4
First_Step_Narratives\FarRight_2-2016,Immigration,Center,CNBC,2
First_Step_Narratives\FarRight_2-2016,Immigration,Center,Bleacher Report,3
First_Step_Narratives\FarRight_2-2016,Immigration,Center,AZCentral,8
First_Step_Narratives\FarRight_2-2016,Immigration,Center,USA Today,9
First_Step_Narratives\FarRight_2-2016,Immigration,Center,Chicago Tribune,2
First_Step_Narratives\FarRight_2-2016,Immigration,Center,Hoy Chicago,3
First_Step_Narratives\FarRight_2-2016,Immigration,Center,Washington Post,6
First_Step_Narratives\FarRight_2-2016,Immigration,Center,Politico,3
First_Step_Narratives\FarRight_2-2016,Immigration,Center,National Review,5
First_Step_Narratives\FarRight_2-2016,Immigration,Center,ruvr-fi,4
First_Step_Narratives\FarRight_2-2016,Immigration,Center,baynews9.com,2
First_Step_Narratives\FarRight_2-2016,Immigration,Center,Daily Beast,3
First_Step_Narratives\FarRight_2-2016,Immigration,Center,Fox News,4
First_Step_Narratives\FarRight_2-2016,Immigration,Center,variety.com,4
First_Step_Narratives\FarRight_2-2016,Immigration,Center,Salon,3
First_Step_Narratives\FarRight_2-2016,Immigration,Center,Mother Jones,2
First_Step_Narratives\FarRight_2-2016,Immigration,Center,The Week,2
First_Step_Narratives\FarRight_2-2016,Immigration,Center,rttnews,2
First_Step_Narratives\FarRight_2-2016,Immigration,Center,sowetanlive.co.za,3
First_Step_Narratives\FarRight_2-2016,Immigration,Center,gulfnews,2
First_Step_Narratives\FarRight_2-2016,Immigration,Center,nj.com,2
First_Step_Narratives\FarRight_2-2016,Immigration,FarLeft,Daily Kos,9
First_Step_Narratives\FarRight_2-2016,Immigration,FarLeft,rinf.com,32
First_Step_Narratives\FarRight_2-2016,Immigration,FarLeft,Mother Jones,16
First_Step_Narratives\FarRight_2-2016,Immigration,FarLeft,Washington Monthly,4
First_Step_Narratives\FarRight_2-2016,Immigration,FarLeft,Salon,16
First_Step_Narratives\FarRight_2-2016,Immigration,FarLeft,Think Progress  ,14
First_Step_Narratives\FarRight_2-2016,Immigration,FarLeft,shareblue.com,12
First_Step_Narratives\FarRight_2-2016,Immigration,FarLeft,countercurrents.org,18
First_Step_Narratives\FarRight_2-2016,Immigration,FarLeft,juancole.com,6
First_Step_Narratives\FarRight_2-2016,Immigration,FarLeft,National Memo,4
First_Step_Narratives\FarRight_2-2016,Immigration,FarLeft,opednews.com,15
First_Step_Narratives\FarRight_2-2016,Immigration,FarLeft,Alternet,15
First_Step_Narratives\FarRight_2-2016,Immigration,FarLeft,itsgoingdown.org,8
First_Step_Narratives\FarRight_2-2016,Immigration,FarLeft,Superglue: MSNBC,9
First_Step_Narratives\FarRight_2-2016,Immigration,FarLeft,blackagendareport.com,2
First_Step_Narratives\FarRight_2-2016,Immigration,FarLeft,oliverwillis.com,2
First_Step_Narratives\FarRight_2-2016,Immigration,FarLeft,trofire.com,6
First_Step_Narratives\FarRight_2-2016,Immigration,FarLeft,Raw Story,5
First_Step_Narratives\FarRight_2-2016,Immigration,FarLeft,Wonkette Blog,7
First_Step_Narratives\FarRight_2-2016,Immigration,FarLeft,rewire.news,6
First_Step_Narratives\FarRight_2-2016,Immigration,FarLeft,Truth Dig,6
First_Step_Narratives\FarRight_2-2016,Immigration,FarLeft,Consortiumnews.com,4
First_Step_Narratives\FarRight_2-2016,Immigration,FarLeft,reverbpress.com,2
First_Step_Narratives\FarRight_2-2016,Immigration,FarLeft,"Latino Rebels | Humor, commentary, and analysis. Engaging traviesos.",11
First_Step_Narratives\FarRight_2-2016,Immigration,FarLeft,warisacrime.org,3
First_Step_Narratives\FarRight_2-2016,Immigration,FarLeft,The Progressive ,3
First_Step_Narratives\FarRight_2-2016,Immigration,FarLeft,counterinformation.wordpress.com,4
First_Step_Narratives\FarRight_2-2016,Immigration,FarLeft,theimmoralminority.blogspot.ca,2
First_Step_Narratives\FarRight_2-2016,Immigration,FarLeft,Common Dreams,2
First_Step_Narratives\FarRight_2-2016,Immigration,FarLeft,lidblog.com,2
First_Step_Narratives\FarRight_2-2016,Immigration,FarLeft,bipartisanreport.com,6
First_Step_Narratives\FarRight_2-2016,Immigration,FarLeft,newpol.org,3
First_Step_Narratives\FarRight_2-2016,Immigration,FarLeft,Jacobin,4
First_Step_Narratives\FarRight_2-2016,Immigration,FarLeft,Media Matters,5
First_Step_Narratives\FarRight_2-2016,Immigration,FarLeft,thefrisky.com,2
First_Step_Narratives\FarRight_2-2016,Immigration,FarLeft,secondnexus.com,2
First_Step_Narratives\FarRight_2-2016,Immigration,Right,ruvr-fi,4
First_Step_Narratives\FarRight_2-2016,Immigration,Right,business-standard.com,3
First_Step_Narratives\FarRight_2-2016,Immigration,Right,San Jose Mercury News,3
First_Step_Narratives\FarRight_2-2016,Immigration,Right,National Review,2
First_Step_Narratives\FarRight_2-2016,Immigration,Right,aawsat,2
First_Step_Narratives\FarRight_2-2016,Immigration,Right,PR Newswire,2
First_Step_Narratives\FarRight_2-2016,Immigration,Right,National Post,2
First_Step_Narratives\FarRight_2-2016,Immigration,Right,Press TV,3
First_Step_Narratives\FarRight_2-2016,Islamophobia,FarRight,Breitbart,14
First_Step_Narratives\FarRight_2-2016,Islamophobia,FarRight,freedomforce.com,3
First_Step_Narratives\FarRight_2-2016,Islamophobia,FarRight,National Review,9
First_Step_Narratives\FarRight_2-2016,Islamophobia,FarRight,Daily Caller,6
First_Step_Narratives\FarRight_2-2016,Islamophobia,FarRight,clashdaily.com,7
First_Step_Narratives\FarRight_2-2016,Islamophobia,FarRight,thetruthseeker.co.uk,11
First_Step_Narratives\FarRight_2-2016,Islamophobia,FarRight,shoebat.com,6
First_Step_Narratives\FarRight_2-2016,Islamophobia,FarRight,Fox News,3
First_Step_Narratives\FarRight_2-2016,Islamophobia,FarRight,therepublicannews.net,3
First_Step_Narratives\FarRight_2-2016,Islamophobia,FarRight,americanthinker.com,2
First_Step_Narratives\FarRight_2-2016,Islamophobia,FarRight,thefederalistpapers.org,4
First_Step_Narratives\FarRight_2-2016,Islamophobia,FarRight,radixjournal.com,2
First_Step_Narratives\FarRight_2-2016,Islamophobia,FarRight,truepundit.com,4
First_Step_Narratives\FarRight_2-2016,Islamophobia,FarRight,centerforsecuritypolicy.org,2
First_Step_Narratives\FarRight_2-2016,Islamophobia,FarRight,GatewayPundit,4
First_Step_Narratives\FarRight_2-2016,Islamophobia,FarRight,gatestoneinstitute.org,5
First_Step_Narratives\FarRight_2-2016,Islamophobia,FarRight,truedaily.news,2
First_Step_Narratives\FarRight_2-2016,Islamophobia,FarRight,sgtreport.com,5
First_Step_Narratives\FarRight_2-2016,Islamophobia,FarRight,Washington Times,3
First_Step_Narratives\FarRight_2-2016,Islamophobia,FarRight,therealside.com,10
First_Step_Narratives\FarRight_2-2016,Islamophobia,FarRight,Newsmax,5
First_Step_Narratives\FarRight_2-2016,Islamophobia,FarRight,intrepidreport.com,3
First_Step_Narratives\FarRight_2-2016,Islamophobia,FarRight,Daily Wire,2
First_Step_Narratives\FarRight_2-2016,Islamophobia,FarRight,patriot post,2
First_Step_Narratives\FarRight_2-2016,Islamophobia,FarRight,iotwreport.com,3
First_Step_Narratives\FarRight_2-2016,Islamophobia,FarRight,conservativefiringline.com,2
First_Step_Narratives\FarRight_2-2016,Islamophobia,FarRight,thereligionofpeace.com,2
First_Step_Narratives\FarRight_2-2016,Islamophobia,FarRight,politichicks.com,2
First_Step_Narratives\FarRight_2-2016,Islamophobia,FarRight,thelibertydaily.com,2
First_Step_Narratives\FarRight_2-2016,Islamophobia,FarRight,gatesofvienna.net,2
First_Step_Narratives\FarRight_2-2016,Islamophobia,FarRight,theunitedwest.org,2
First_Step_Narratives\FarRight_2-2016,Islamophobia,CenterLeft,watoday.com.au,6
First_Step_Narratives\FarRight_2-2016,Islamophobia,CenterLeft,Guardian US,6
First_Step_Narratives\FarRight_2-2016,Islamophobia,CenterLeft,naharnet-ar,2
First_Step_Narratives\FarRight_2-2016,Islamophobia,CenterLeft,Sydney Morning Herald,6
First_Step_Narratives\FarRight_2-2016,Islamophobia,CenterLeft,NBC Breaking News,6
First_Step_Narratives\FarRight_2-2016,Islamophobia,CenterLeft,The Boston Globe,5
First_Step_Narratives\FarRight_2-2016,Islamophobia,CenterLeft,nbcbayarea.com,4
First_Step_Narratives\FarRight_2-2016,Islamophobia,CenterLeft,Los Angeles Daily News,4
First_Step_Narratives\FarRight_2-2016,Islamophobia,CenterLeft,AP,4
First_Step_Narratives\FarRight_2-2016,Islamophobia,CenterLeft,ontheredcarpet.com,4
First_Step_Narratives\FarRight_2-2016,Islamophobia,CenterLeft,abc7.com,4
First_Step_Narratives\FarRight_2-2016,Islamophobia,CenterLeft,Milwaukee Journal Sentinel ,5
First_Step_Narratives\FarRight_2-2016,Islamophobia,CenterLeft,Haaretz,5
First_Step_Narratives\FarRight_2-2016,Islamophobia,CenterLeft,brisbanetimes.com.au,4
First_Step_Narratives\FarRight_2-2016,Islamophobia,CenterLeft,timesleader.com,4
First_Step_Narratives\FarRight_2-2016,Islamophobia,CenterLeft,Independent,2
First_Step_Narratives\FarRight_2-2016,Islamophobia,CenterLeft,Wired,2
First_Step_Narratives\FarRight_2-2016,Islamophobia,CenterLeft,Al Jazeera,2
First_Step_Narratives\FarRight_2-2016,Islamophobia,CenterLeft,International Centre for Investigative Reporting,2
First_Step_Narratives\FarRight_2-2016,Islamophobia,CenterLeft,thenational.scot,2
First_Step_Narratives\FarRight_2-2016,Islamophobia,CenterLeft,themoscowtimes.com,2
First_Step_Narratives\FarRight_2-2016,Islamophobia,CenterLeft,cityam.com,2
First_Step_Narratives\FarRight_2-2016,Islamophobia,CenterLeft,themercury.com.au,4
First_Step_Narratives\FarRight_2-2016,Islamophobia,CenterLeft,Deseret News,3
First_Step_Narratives\FarRight_2-2016,Islamophobia,CenterLeft,Daily Beast,3
First_Step_Narratives\FarRight_2-2016,Islamophobia,CenterLeft,SF Chronicle,2
First_Step_Narratives\FarRight_2-2016,Islamophobia,CenterLeft,businessinsider.in,2
First_Step_Narratives\FarRight_2-2016,Islamophobia,CenterLeft,swindonadvertiser.co.uk,2
First_Step_Narratives\FarRight_2-2016,Islamophobia,Center,BBC,4
First_Step_Narratives\FarRight_2-2016,Islamophobia,Center,thequint.com,2
First_Step_Narratives\FarRight_2-2016,Islamophobia,Center,Star Tribune ,3
First_Step_Narratives\FarRight_2-2016,Islamophobia,Center,Washington Post,2
First_Step_Narratives\FarRight_2-2016,Islamophobia,Center,Guardian US,4
First_Step_Narratives\FarRight_2-2016,Islamophobia,Center,Sydney Morning Herald,3
First_Step_Narratives\FarRight_2-2016,Islamophobia,Center,timesofindia.com,2
First_Step_Narratives\FarRight_2-2016,Islamophobia,Center,Fox News,3
First_Step_Narratives\FarRight_2-2016,Islamophobia,Center,hulldailymail.co.uk,2
First_Step_Narratives\FarRight_2-2016,Islamophobia,Center,malaysiakini,2
First_Step_Narratives\FarRight_2-2016,Islamophobia,FarLeft,shareblue.com,2
First_Step_Narratives\FarRight_2-2016,Islamophobia,FarLeft,opednews.com,5
First_Step_Narratives\FarRight_2-2016,Islamophobia,FarLeft,Alternet,6
First_Step_Narratives\FarRight_2-2016,Islamophobia,FarLeft,countercurrents.org,9
First_Step_Narratives\FarRight_2-2016,Islamophobia,FarLeft,Superglue: MSNBC,2
First_Step_Narratives\FarRight_2-2016,Islamophobia,FarLeft,juancole.com,3
First_Step_Narratives\FarRight_2-2016,Islamophobia,FarLeft,Think Progress  ,3
First_Step_Narratives\FarRight_2-2016,Islamophobia,FarLeft,Salon,5
First_Step_Narratives\FarRight_2-2016,Islamophobia,FarLeft,trofire.com,3
First_Step_Narratives\FarRight_2-2016,Islamophobia,FarLeft,rinf.com,13
First_Step_Narratives\FarRight_2-2016,Islamophobia,FarLeft,Daily Kos,3
First_Step_Narratives\FarRight_2-2016,Islamophobia,FarLeft,National Memo,2
First_Step_Narratives\FarRight_2-2016,Islamophobia,FarLeft,yesmagazine.org,3
First_Step_Narratives\FarRight_2-2016,Islamophobia,FarLeft,rewire.news,4
First_Step_Narratives\FarRight_2-2016,Islamophobia,FarLeft,meanlefthook.com,2
First_Step_Narratives\FarRight_2-2016,Islamophobia,Left,Guardian US,6
First_Step_Narratives\FarRight_2-2016,Islamophobia,Left,watoday.com.au,5
First_Step_Narratives\FarRight_2-2016,Islamophobia,Left,Sydney Morning Herald,6
First_Step_Narratives\FarRight_2-2016,Islamophobia,Left,The Age,4
First_Step_Narratives\FarRight_2-2016,Islamophobia,Left,BBC,4
First_Step_Narratives\FarRight_2-2016,Islamophobia,Left,huffingtonpost.co.uk,2
First_Step_Narratives\FarRight_2-2016,Islamophobia,Left,CBC,6
First_Step_Narratives\FarRight_2-2016,Islamophobia,Left,naharnet-ar,2
First_Step_Narratives\FarRight_2-2016,Islamophobia,Left,Washington Post,3
First_Step_Narratives\FarRight_2-2016,Islamophobia,Left,topics.abcnews.go.com,2
First_Step_Narratives\FarRight_2-2016,Islamophobia,Left,reliefweb-headlines,2
First_Step_Narratives\FarRight_2-2016,Islamophobia,Left,Haaretz,8
First_Step_Narratives\FarRight_2-2016,Islamophobia,Left,VOA,9
First_Step_Narratives\FarRight_2-2016,Islamophobia,Left,Detroit News,3
First_Step_Narratives\FarRight_2-2016,Islamophobia,Left,thewire.in,2
First_Step_Narratives\FarRight_2-2016,Islamophobia,Left,Montreal Gazette,2
First_Step_Narratives\FarRight_2-2016,Islamophobia,Left,Daily Beast,6
First_Step_Narratives\FarRight_2-2016,Islamophobia,Left,Al Jazeera,2
First_Step_Narratives\FarRight_2-2016,Islamophobia,Left,Chicago Tribune,2
First_Step_Narratives\FarRight_2-2016,Islamophobia,Left,businessinsider.in,2
First_Step_Narratives\FarRight_2-2016,Islamophobia,Left,Independent,2
First_Step_Narratives\FarRight_2-2016,Islamophobia,Left,variety.com,3
First_Step_Narratives\FarRight_2-2016,Islamophobia,Left,sixthtone.com,2
First_Step_Narratives\FarRight_2-2016,Islamophobia,Left,indiatoday.intoday.in,2
First_Step_Narratives\FarRight_2-2016,Islamophobia,Left,The Commercial Appeal,2
First_Step_Narratives\FarRight_2-2016,Islamophobia,Left,Inquisitr,2
First_Step_Narratives\FarRight_2-2016,Islamophobia,Left,Business Insider Australia,2
First_Step_Narratives\FarRight_2-2016,Islamophobia,Left,Fortune,2
First_Step_Narratives\FarRight_2-2016,Islamophobia,Right,ruvr-fi,3
First_Step_Narratives\FarRight_2-2016,Islamophobia,Right,business-standard.com,6
First_Step_Narratives\FarRight_2-2016,Islamophobia,Right,PR Newswire,3
First_Step_Narratives\FarRight_2-2016,Islamophobia,Right,HeatStreet,2
First_Step_Narratives\FarRight_2-2016,Islamophobia,Right,www.foxsports.com,2
First_Step_Narratives\FarRight_2-2016,Islamophobia,Right,dawn,2
First_Step_Narratives\FarRight_2-2016,Islamophobia,CenterRight,business-standard.com,2
First_Step_Narratives\FarRight_2-2016,Anti-semitism,CenterRight,Daily Mail,4
First_Step_Narratives\FarRight_2-2016,Anti-semitism,CenterRight,ksl.com,2
First_Step_Narratives\FarRight_2-2016,Anti-semitism,CenterRight,thetruthseeker.co.uk,11
First_Step_Narratives\FarRight_2-2016,Anti-semitism,CenterRight,Time of Israel,12
First_Step_Narratives\FarRight_2-2016,Anti-semitism,CenterRight,PR Newswire,2
First_Step_Narratives\FarRight_2-2016,Anti-semitism,CenterRight,veteranstoday.com,6
First_Step_Narratives\FarRight_2-2016,Anti-semitism,CenterRight,blogtalkradio.com,2
First_Step_Narratives\FarRight_2-2016,Anti-semitism,CenterRight,unz.com,2
First_Step_Narratives\FarRight_2-2016,Anti-semitism,FarRight,thetruthseeker.co.uk,52
First_Step_Narratives\FarRight_2-2016,Anti-semitism,FarRight,investmentwatchblog.com,8
First_Step_Narratives\FarRight_2-2016,Anti-semitism,FarRight,GatewayPundit,14
First_Step_Narratives\FarRight_2-2016,Anti-semitism,FarRight,Breitbart,21
First_Step_Narratives\FarRight_2-2016,Anti-semitism,FarRight,Washington Times,2
First_Step_Narratives\FarRight_2-2016,Anti-semitism,FarRight,nsm88.org,4
First_Step_Narratives\FarRight_2-2016,Anti-semitism,FarRight,Newsmax,10
First_Step_Narratives\FarRight_2-2016,Anti-semitism,FarRight,American Greatness,4
First_Step_Narratives\FarRight_2-2016,Anti-semitism,FarRight,Fox News,5
First_Step_Narratives\FarRight_2-2016,Anti-semitism,FarRight,rightsidenews.com,13
First_Step_Narratives\FarRight_2-2016,Anti-semitism,FarRight,Daily Wire,2
First_Step_Narratives\FarRight_2-2016,Anti-semitism,FarRight,charismanews.com,17
First_Step_Narratives\FarRight_2-2016,Anti-semitism,FarRight,Natural News,5
First_Step_Narratives\FarRight_2-2016,Anti-semitism,FarRight,sgtreport.com,14
First_Step_Narratives\FarRight_2-2016,Anti-semitism,FarRight,VDARE,2
First_Step_Narratives\FarRight_2-2016,Anti-semitism,FarRight,discoverthenetworks.org,6
First_Step_Narratives\FarRight_2-2016,Anti-semitism,FarRight,WND,9
First_Step_Narratives\FarRight_2-2016,Anti-semitism,FarRight,Western Journalism Center,6
First_Step_Narratives\FarRight_2-2016,Anti-semitism,FarRight,iotwreport.com,2
First_Step_Narratives\FarRight_2-2016,Anti-semitism,FarRight,Free Beacon,5
First_Step_Narratives\FarRight_2-2016,Anti-semitism,FarRight,Daily Caller,3
First_Step_Narratives\FarRight_2-2016,Anti-semitism,FarRight,conservativereview.com,2
First_Step_Narratives\FarRight_2-2016,Anti-semitism,FarRight,New Zeal,2
First_Step_Narratives\FarRight_2-2016,Anti-semitism,FarRight,rushlimbaugh.com,2
First_Step_Narratives\FarRight_2-2016,Anti-semitism,FarRight,truepundit.com,3
First_Step_Narratives\FarRight_2-2016,Anti-semitism,FarRight,massresistance.org,2
First_Step_Narratives\FarRight_2-2016,Anti-semitism,FarRight,amren.com,2
First_Step_Narratives\FarRight_2-2016,Anti-semitism,FarRight,NewsBusters,3
First_Step_Narratives\FarRight_2-2016,Anti-semitism,FarRight,gatestoneinstitute.org,3
First_Step_Narratives\FarRight_2-2016,Anti-semitism,FarRight,townhall.com,2
First_Step_Narratives\FarRight_2-2016,Anti-semitism,FarRight,clashdaily.com,4
First_Step_Narratives\FarRight_2-2016,Anti-semitism,FarRight,American Free Press,2
First_Step_Narratives\FarRight_2-2016,Anti-semitism,FarRight,HeatStreet,2
First_Step_Narratives\FarRight_2-2016,Anti-semitism,FarRight,thefreethoughtproject.com,3
First_Step_Narratives\FarRight_2-2016,Anti-semitism,FarRight,pamelageller.com,6
First_Step_Narratives\FarRight_2-2016,Anti-semitism,FarRight,sonsoflibertymedia.com,2
First_Step_Narratives\FarRight_2-2016,Anti-semitism,FarRight,Twitchy,2
First_Step_Narratives\FarRight_2-2016,Anti-semitism,FarRight,davidicke.com,2
First_Step_Narratives\FarRight_2-2016,Anti-semitism,FarRight,Michelle Malkin ,2
First_Step_Narratives\FarRight_2-2016,Anti-semitism,Right,Time of Israel,4
First_Step_Narratives\FarRight_2-2016,Anti-semitism,Right,bdnews24,2
First_Step_Narratives\FarRight_2-2016,Anti-semitism,Right,San Jose Mercury News,6
First_Step_Narratives\FarRight_2-2016,Anti-semitism,Right,ruvr-fi,3
First_Step_Narratives\FarRight_2-2016,Anti-semitism,Right,National Review,2
First_Step_Narratives\FarRight_2-2016,Anti-semitism,Right,Heavy,2
First_Step_Narratives\FarRight_2-2016,Anti-semitism,Right,PR Newswire,3
First_Step_Narratives\FarRight_2-2016,Anti-semitism,Right,ksl.com,3
First_Step_Narratives\FarRight_2-2016,Anti-semitism,Right,tribuneindia.com,2
First_Step_Narratives\FarRight_2-2016,Anti-semitism,Right,Sarasota Herald-Tribune ,2
First_Step_Narratives\FarRight_2-2016,Anti-semitism,Right,Daily Mail,3
First_Step_Narratives\FarRight_2-2016,Anti-semitism,Left,Washington Post,5
First_Step_Narratives\FarRight_2-2016,Anti-semitism,Left,Economist,3
First_Step_Narratives\FarRight_2-2016,Anti-semitism,Left,Haaretz,8
First_Step_Narratives\FarRight_2-2016,Anti-semitism,Left,businessinsider.in,3
First_Step_Narratives\FarRight_2-2016,Anti-semitism,Left,Mashable!,2
First_Step_Narratives\FarRight_2-2016,Anti-semitism,Left,Independent,3
First_Step_Narratives\FarRight_2-2016,Anti-semitism,Left,CBC,3
First_Step_Narratives\FarRight_2-2016,Anti-semitism,Left,brisbanetimes.com.au,2
First_Step_Narratives\FarRight_2-2016,Anti-semitism,FarLeft,juancole.com,6
First_Step_Narratives\FarRight_2-2016,Anti-semitism,FarLeft,lidblog.com,4
First_Step_Narratives\FarRight_2-2016,Anti-semitism,FarLeft,Alternet,4
First_Step_Narratives\FarRight_2-2016,Anti-semitism,FarLeft,rinf.com,12
First_Step_Narratives\FarRight_2-2016,Anti-semitism,FarLeft,Salon,5
First_Step_Narratives\FarRight_2-2016,Anti-semitism,FarLeft,Think Progress  ,3
First_Step_Narratives\FarRight_2-2016,Anti-semitism,FarLeft,Consortiumnews.com,5
First_Step_Narratives\FarRight_2-2016,Anti-semitism,FarLeft,Truth Dig,2
First_Step_Narratives\FarRight_2-2016,Anti-semitism,FarLeft,FAIR,5
First_Step_Narratives\FarRight_2-2016,Anti-semitism,FarLeft,patribotics.blog,2
First_Step_Narratives\FarRight_2-2016,Anti-semitism,FarLeft,Washington Monthly,8
First_Step_Narratives\FarRight_2-2016,Anti-semitism,FarLeft,Mother Jones,2
First_Step_Narratives\FarRight_2-2016,Anti-semitism,FarLeft,Superglue: MSNBC,9
First_Step_Narratives\FarRight_2-2016,Anti-semitism,FarLeft,National Memo,4
First_Step_Narratives\FarRight_2-2016,Anti-semitism,FarLeft,shareblue.com,2
First_Step_Narratives\FarRight_2-2016,Anti-semitism,FarLeft,Wonkette Blog,4
First_Step_Narratives\FarRight_2-2016,Anti-semitism,FarLeft,rewire.news,3
First_Step_Narratives\FarRight_2-2016,Anti-semitism,FarLeft,Daily Kos,8
First_Step_Narratives\FarRight_2-2016,Anti-semitism,FarLeft,opednews.com,10
First_Step_Narratives\FarRight_2-2016,Anti-semitism,FarLeft,counterinformation.wordpress.com,7
First_Step_Narratives\FarRight_2-2016,Anti-semitism,FarLeft,countercurrents.org,7
First_Step_Narratives\FarRight_2-2016,Anti-semitism,FarLeft,Common Dreams,4
First_Step_Narratives\FarRight_2-2016,Anti-semitism,FarLeft,trofire.com,2
First_Step_Narratives\FarRight_2-2016,Anti-semitism,CenterLeft,Spiegel,4
First_Step_Narratives\FarRight_2-2016,Anti-semitism,CenterLeft,floridapolitics.com,5
First_Step_Narratives\FarRight_2-2016,Anti-semitism,CenterLeft,Harper's Magazine,3
First_Step_Narratives\FarRight_2-2016,Anti-semitism,CenterLeft,Verge,2
First_Step_Narratives\FarRight_2-2016,Anti-semitism,CenterLeft,Haaretz,19
First_Step_Narratives\FarRight_2-2016,Anti-semitism,CenterLeft,Independent,6
First_Step_Narratives\FarRight_2-2016,Anti-semitism,CenterLeft,businessinsider.in,3
First_Step_Narratives\FarRight_2-2016,Anti-semitism,CenterLeft,Guardian US,5
First_Step_Narratives\FarRight_2-2016,Anti-semitism,CenterLeft,indiatoday.intoday.in,2
First_Step_Narratives\FarRight_2-2016,Anti-semitism,CenterLeft,CBC,2
First_Step_Narratives\FarRight_2-2016,Anti-semitism,CenterLeft,Irish Times,2
First_Step_Narratives\FarRight_2-2016,Anti-semitism,CenterLeft,Los Angeles Daily News,2
First_Step_Narratives\FarRight_2-2016,Anti-semitism,CenterLeft,The Age,2
First_Step_Narratives\FarRight_2-2016,Anti-semitism,CenterLeft,watoday.com.au,2
First_Step_Narratives\FarRight_2-2016,Anti-semitism,CenterLeft,houstonchronicle,2
First_Step_Narratives\FarRight_2-2016,Anti-semitism,CenterLeft,VOA,5
First_Step_Narratives\FarRight_2-2016,Anti-semitism,CenterLeft,Detroit News,3
First_Step_Narratives\FarRight_2-2016,Anti-semitism,CenterLeft,BBC,3
First_Step_Narratives\FarRight_2-2016,Anti-semitism,CenterLeft,Washington Post,2
First_Step_Narratives\FarRight_2-2016,Anti-semitism,CenterLeft,Sydney Morning Herald,2
First_Step_Narratives\FarRight_2-2016,Anti-semitism,CenterLeft,Economist,6
First_Step_Narratives\FarRight_2-2016,Anti-semitism,CenterLeft,The Boston Globe,2
First_Step_Narratives\FarRight_2-2016,Anti-semitism,Center,veteranstoday.com,3
First_Step_Narratives\FarRight_2-2016,Anti-semitism,Center,Gizmodo,2
First_Step_Narratives\FarRight_2-2016,Anti-semitism,Center,PR Newswire,4
First_Step_Narratives\FarRight_2-2016,Anti-semitism,Center,fox6now.com,3
First_Step_Narratives\FarRight_2-2016,Anti-semitism,Center,UPI,2
First_Step_Narratives\FarRight_2-2016,Anti-semitism,Center,clickondetroit.com,2
First_Step_Narratives\FarRight_2-2016,Anti-semitism,Center,Haaretz,8
First_Step_Narratives\FarRight_2-2016,Anti-semitism,Center,RTE,2
First_Step_Narratives\FarRight_2-2016,Anti-semitism,Center,ruvr-fi,2
First_Step_Narratives\FarRight_2-2016,Anti-semitism,Center,Sarasota Herald-Tribune ,3
First_Step_Narratives\FarRight_2-2016,Anti-semitism,Center,Newsday,2
First_Step_Narratives\FarRight_2-2016,Anti-semitism,Center,MaltaToday,2
First_Step_Narratives\FarRight_2-2016,Anti-semitism,Center,Guardian,2
First_Step_Narratives\FarRight_2-2017,Immigration,FarLeft,Daily Kos,3
First_Step_Narratives\FarRight_2-2017,Immigration,FarLeft,Media Matters,2
First_Step_Narratives\FarRight_2-2017,Immigration,FarLeft,rinf.com,4
First_Step_Narratives\FarRight_2-2017,Immigration,FarLeft,"Latino Rebels | Humor, commentary, and analysis. Engaging traviesos.",2
First_Step_Narratives\FarRight_2-2017,Immigration,FarLeft,Alternet,2
First_Step_Narratives\FarRight_2-2017,Immigration,FarLeft,National Memo,2
First_Step_Narratives\FarRight_2-2017,Immigration,Left,indiatoday.intoday.in,2
First_Step_Narratives\FarRight_2-2017,Immigration,Left,Washington Post,2
First_Step_Narratives\FarRight_2-2017,Immigration,CenterRight,business-standard.com,2
First_Step_Narratives\FarRight_2-2017,Immigration,FarRight,Newsmax,2
First_Step_Narratives\FarRight_2-2017,Immigration,FarRight,sgtreport.com,2
First_Step_Narratives\FarRight_2-2017,Immigration,FarRight,Breitbart,5
First_Step_Narratives\FarRight_2-2017,Immigration,FarRight,VDARE,4
First_Step_Narratives\FarRight_2-2017,Immigration,FarRight,blacklistednews.com,2
First_Step_Narratives\FarRight_2-2017,Immigration,Right,"Kenya news on business, politics, sports, opinions, entertainment and lifestyle",2
First_Step_Narratives\FarRight_2-2017,Immigration,Right,HeatStreet,2
First_Step_Narratives\FarRight_2-2017,Transphobia,FarRight,Breitbart,2
First_Step_Narratives\FarRight_2-2017,Islamophobia,CenterRight,ruvr-fi,4
First_Step_Narratives\FarRight_2-2017,Anti-semitism,Center,Guardian,3
First_Step_Narratives\FarRight_2-2017,Anti-semitism,FarRight,thetruthseeker.co.uk,6
First_Step_Narratives\FarRight_2-2017,Anti-semitism,FarRight,pamelageller.com,2
First_Step_Narratives\FarRight_2-2017,Anti-semitism,FarRight,rightsidenews.com,4
First_Step_Narratives\FarRight_2-2017,Anti-semitism,FarRight,GatewayPundit,2
First_Step_Narratives\FarRight_2-2017,Anti-semitism,FarRight,charismanews.com,2
First_Step_Narratives\FarRight_2-2018,Immigration,FarLeft,Daily Kos,3
First_Step_Narratives\FarRight_2-2018,Immigration,FarLeft,Alternet,2
First_Step_Narratives\FarRight_2-2018,Immigration,FarLeft,Salon,2
First_Step_Narratives\FarRight_2-2018,Immigration,FarLeft,Think Progress  ,2
First_Step_Narratives\FarRight_2-2018,Immigration,FarLeft,rinf.com,2
First_Step_Narratives\FarRight_2-2018,Immigration,FarRight,VDARE,9
First_Step_Narratives\FarRight_2-2018,Immigration,FarRight,Breitbart,12
First_Step_Narratives\FarRight_2-2018,Immigration,FarRight,Western Journalism Center,2
First_Step_Narratives\FarRight_2-2018,Immigration,FarRight,WND,5
First_Step_Narratives\FarRight_2-2018,Immigration,FarRight,sgtreport.com,5
First_Step_Narratives\FarRight_2-2018,Immigration,FarRight,Natural News,4
First_Step_Narratives\FarRight_2-2018,Immigration,FarRight,Newsmax,3
First_Step_Narratives\FarRight_2-2018,Immigration,FarRight,thetruthseeker.co.uk,4
First_Step_Narratives\FarRight_2-2018,Immigration,FarRight,CIS,4
First_Step_Narratives\FarRight_2-2018,Immigration,FarRight,dcclothesline.com,2
First_Step_Narratives\FarRight_2-2018,Immigration,FarRight,truepundit.com,4
First_Step_Narratives\FarRight_2-2018,Immigration,FarRight,numbersusa.com,2
First_Step_Narratives\FarRight_2-2018,Immigration,CenterLeft,Al Jazeera,2
First_Step_Narratives\FarRight_2-2018,Immigration,CenterLeft,businessinsider.in,2
First_Step_Narratives\FarRight_2-2018,Immigration,CenterLeft,Washington Post,2
First_Step_Narratives\FarRight_2-2018,Immigration,Center,unz.com,2
First_Step_Narratives\FarRight_2-2018,Immigration,Center,PR Newswire,2
First_Step_Narratives\FarRight_2-2018,Immigration,Center,"Daily Herald - Arlington Heights, IL",2
First_Step_Narratives\FarRight_2-2018,Immigration,CenterRight,Reddit,2
First_Step_Narratives\FarRight_2-2018,Immigration,CenterRight,Gizmodo,2
First_Step_Narratives\FarRight_2-2018,Immigration,CenterRight,bdnews24,2
First_Step_Narratives\FarRight_2-2018,Immigration,CenterRight,Asbury Park Press ,2
First_Step_Narratives\FarRight_2-2018,Immigration,Left,Haaretz,2
First_Step_Narratives\FarRight_2-2018,Immigration,Left,Sydney Morning Herald,2
First_Step_Narratives\FarRight_2-2018,Immigration,Left,Al Jazeera,2
First_Step_Narratives\FarRight_2-2018,Immigration,Left,nwaonline.com,2
First_Step_Narratives\FarRight_2-2018,Islamophobia,FarLeft,Right Wing Watch,3
First_Step_Narratives\FarRight_2-2018,Islamophobia,FarRight,Breitbart,3
First_Step_Narratives\FarRight_2-2018,Anti-semitism,FarRight,truepundit.com,3
First_Step_Narratives\FarRight_2-2018,Anti-semitism,FarRight,Fox News,4
First_Step_Narratives\FarRight_2-2018,Anti-semitism,FarRight,Free Beacon,2
First_Step_Narratives\FarRight_2-2018,Anti-semitism,FarRight,nsm88.org,18
First_Step_Narratives\FarRight_2-2018,Anti-semitism,FarRight,charismanews.com,3
First_Step_Narratives\FarRight_2-2018,Anti-semitism,FarRight,WND,4
First_Step_Narratives\FarRight_2-2018,Anti-semitism,FarRight,rightsidenews.com,5
First_Step_Narratives\FarRight_2-2018,Anti-semitism,FarRight,Natural News,2
First_Step_Narratives\FarRight_2-2018,Anti-semitism,FarRight,Breitbart,3
First_Step_Narratives\FarRight_2-2018,Anti-semitism,FarRight,sgtreport.com,4
First_Step_Narratives\FarRight_2-2018,Anti-semitism,FarRight,Newsmax,2
First_Step_Narratives\FarRight_2-2018,Anti-semitism,FarRight,thetruthseeker.co.uk,4
First_Step_Narratives\FarRight_2-2018,Anti-semitism,Left,Haaretz,2
First_Step_Narratives\FarRight_2-2018,Anti-semitism,Left,floridapolitics.com,2
First_Step_Narratives\FarRight_2-2018,Anti-semitism,FarLeft,Washington Monthly,2
First_Step_Narratives\FarRight_2-2019,Immigration,FarRight,numbersusa.com,2
First_Step_Narratives\FarRight_2-2019,Immigration,FarRight,Breitbart,10
First_Step_Narratives\FarRight_2-2019,Immigration,FarRight,centerforsecuritypolicy.org,2
First_Step_Narratives\FarRight_2-2019,Immigration,FarRight,VDARE,6
First_Step_Narratives\FarRight_2-2019,Immigration,FarRight,Natural News,2
First_Step_Narratives\FarRight_2-2019,Immigration,FarRight,WND,3
First_Step_Narratives\FarRight_2-2019,Immigration,FarRight,sgtreport.com,2
First_Step_Narratives\FarRight_2-2019,Immigration,FarRight,CIS,2
First_Step_Narratives\FarRight_2-2019,Immigration,FarRight,neonnettle.com,4
First_Step_Narratives\FarRight_2-2019,Immigration,FarRight,thetruthseeker.co.uk,2
First_Step_Narratives\FarRight_2-2019,Immigration,CenterRight,Reason,5
First_Step_Narratives\FarRight_2-2019,Immigration,CenterRight,kvoa.com,2
First_Step_Narratives\FarRight_2-2019,Immigration,CenterRight,Gizmodo,2
First_Step_Narratives\FarRight_2-2019,Immigration,CenterRight,losangeles.cbslocal.com,2
First_Step_Narratives\FarRight_2-2019,Immigration,CenterRight,fox6now.com,2
First_Step_Narratives\FarRight_2-2019,Immigration,CenterRight,National Post,2
First_Step_Narratives\FarRight_2-2019,Immigration,CenterRight,dailypost.ng,3
First_Step_Narratives\FarRight_2-2019,Immigration,CenterRight,dawn,2
First_Step_Narratives\FarRight_2-2019,Immigration,CenterRight,financialpost.com,2
First_Step_Narratives\FarRight_2-2019,Immigration,CenterRight,ruvr-fi,2
First_Step_Narratives\FarRight_2-2019,Immigration,CenterRight,PR Newswire,4
First_Step_Narratives\FarRight_2-2019,Immigration,CenterRight,breaking911.com,2
First_Step_Narratives\FarRight_2-2019,Transphobia,FarRight,Breitbart,4
First_Step_Narratives\FarRight_2-2019,Transphobia,FarRight,needtoknow.news,6
First_Step_Narratives\FarRight_2-2019,Transphobia,FarRight,sgtreport.com,3
First_Step_Narratives\FarRight_2-2019,Islamophobia,FarRight,thetruthseeker.co.uk,2
First_Step_Narratives\FarRight_2-2019,Islamophobia,FarLeft,countercurrents.org,2
First_Step_Narratives\FarRight_2-2019,Anti-semitism,FarRight,charismanews.com,4
First_Step_Narratives\FarRight_2-2019,Anti-semitism,FarRight,thetruthseeker.co.uk,14
First_Step_Narratives\FarRight_2-2019,Anti-semitism,FarRight,WND,2
First_Step_Narratives\FarRight_2-2019,Anti-semitism,FarRight,sgtreport.com,2
First_Step_Narratives\FarRight_2-2019,Anti-semitism,FarRight,Breitbart,6
First_Step_Narratives\FarRight_2-2019,Anti-semitism,FarRight,Newsmax,2
First_Step_Narratives\FarRight_2-2019,Anti-semitism,FarRight,thelibertydaily.com,2
First_Step_Narratives\FarRight_2-2019,Anti-semitism,Center,yorkshireeveningpost.co.uk,2
First_Step_Narratives\FarRight_2-2019,Anti-semitism,Left,Haaretz,3
First_Step_Narratives\FarRight_2-2019,Anti-semitism,Left,CBC,3
First_Step_Narratives\FarRight_2-2019,Anti-semitism,Left,Irish Times,3
First_Step_Narratives\FarRight_2-2019,Anti-semitism,Left,thewire.in,3
First_Step_Narratives\FarRight_2-2019,Anti-semitism,Left,indiatoday.intoday.in,3
First_Step_Narratives\FarRight_2-2019,Anti-semitism,CenterLeft,Haaretz,2
First_Step_Narratives\FarRight_2-2019,Anti-semitism,CenterLeft,Spiegel,2
First_Step_Narratives\FarRight_2-2020,Immigration,FarRight,CIS,2
First_Step_Narratives\FarRight_2-2020,Immigration,FarRight,sgtreport.com,5
First_Step_Narratives\FarRight_2-2020,Immigration,FarRight,Breitbart,5
First_Step_Narratives\FarRight_2-2020,Immigration,FarRight,Heritage,2
First_Step_Narratives\FarRight_2-2020,Immigration,FarRight,truepundit.com,2
First_Step_Narratives\FarRight_2-2020,Immigration,FarRight,theunitedwest.org,3
First_Step_Narratives\FarRight_2-2020,Immigration,FarRight,numbersusa.com,4
First_Step_Narratives\FarRight_2-2020,Transphobia,FarRight,sgtreport.com,2
First_Step_Narratives\FarRight_2-2020,Transphobia,FarRight,needtoknow.news,8
First_Step_Narratives\FarRight_2-2020,Transphobia,FarRight,GatewayPundit,2
First_Step_Narratives\FarRight_2-2020,Anti-semitism,FarRight,WND,2
First_Step_Narratives\FarRight_2-2020,Anti-semitism,FarRight,jesus-is-savior.com,2
First_Step_Narratives\FarRight_2-2020,Anti-semitism,FarRight,thetruthseeker.co.uk,12
First_Step_Narratives\FarRight_2-2020,Anti-semitism,FarRight,infiniteunknown.net,2
First_Step_Narratives\FarRight_2-2020,Anti-semitism,FarRight,thoughtcrimeradio.net,4
First_Step_Narratives\FarRight_2-2020,Anti-semitism,FarRight,Natural News,2
First_Step_Narratives\FarRight_2-2020,Anti-semitism,FarRight,Michelle Malkin ,2
First_Step_Narratives\FarRight_2-2020,Anti-semitism,FarRight,needtoknow.news,2
First_Step_Narratives\FarRight_2-2020,Anti-semitism,FarRight,iowaclimate.org,2
First_Step_Narratives\FarRight_2-2020,Anti-semitism,FarRight,gatesofvienna.net,4
First_Step_Narratives\FarRight_2-2020,Anti-semitism,FarRight,sgtreport.com,2
First_Step_Narratives\FarRight_2-2020,Anti-semitism,FarRight,GatewayPundit,2
